"company","category","size","title","level","city","url","updated"
"Tikal","Productivity","l","Senior Account Executive","Representative","תל אביב","https://www.comeet.com/jobs/tikalk/68.00C/senior-account-executive/0A.E62?utm_source=techmap&utm_medium=csv&utm_campaign=github&utm_term=apply","2026-08-03"
"Atera Networks","Productivity","l","Sales Development Rep - TLV","Representative","תל אביב-יפו","https://www.comeet.com/jobs/atera/63.00B/sales-development-rep---tlv/CF.E6D?utm_source=techmap&utm_medium=csv&utm_campaign=github&utm_term=apply","2026-08-03"
"XTEND","Aerospace","m","Business Development Manager","Manager","תל אביב-יפו","https://www.comeet.com/jobs/xtend/85.00A/business-development-manager/07.E65?utm_source=techmap&utm_medium=csv&utm_campaign=github&utm_term=apply","2026-08-03"
"DealHub","Productivity","l","Pre-Sales Engineer","Representative","חולון","https://www.comeet.com/jobs/dealhub/86.005/pre-sales-engineer/26.46D?utm_source=techmap&utm_medium=csv&utm_campaign=github&utm_term=apply","2026-08-03"
"Rapyd Financial Network","Fintech","l","Sales Engineer","Representative","תל אביב-יפו","https://www.comeet.com/jobs/rapyd/73.00E/sales-engineer/12.66F?utm_source=techmap&utm_medium=csv&utm_campaign=github&utm_term=apply","2026-08-03"
"ONE ZERO Digital Bank","Fintech","l","נציג/ת מכירות פיננסיות","Representative","תל אביב-יפו","https://www.comeet.com/jobs/onezerobank/36.00A/--/FC.C41?utm_source=techmap&utm_medium=csv&utm_campaign=github&utm_term=apply","2026-08-03"
"Coralogix","Cloud Computing","l","Technical Account Manager - Team Lead","Representative","רמת גן","https://www.comeet.com/jobs/coralogix/06.004/technical-account-manager---team-lead/4B.75E?utm_source=techmap&utm_medium=csv&utm_campaign=github&utm_term=apply","2026-08-03"
"Innoviz Technologies","Cybersecurity","l","Director of Sales & Business Development - EU Defense & Security","Executive","Rosh Haayin","https://www.comeet.com/jobs/innoviz/52.004/director-of-sales--business-development---eu-defense--security/CF.E6E?utm_source=techmap&utm_medium=csv&utm_campaign=github&utm_term=apply","2026-08-03"
"Alma Lasers","Health","l","Medical Sales Representative","Representative","קיסריה","https://il.linkedin.com/jobs/view/medical-sales-representative-at-alma-lasers-4437141406?utm_source=techmap&utm_medium=csv&utm_campaign=github&utm_term=apply","2026-08-03"
"Plus500","Fintech","l","Business Development Analyst","Representative","חיפה","https://www.comeet.com/jobs/plus500/A1.00F/business-development-analyst/1A.856?utm_source=techmap&utm_medium=csv&utm_campaign=github&utm_term=apply","2026-08-02"
"Atera Networks","Productivity","l","Director of Sales","Executive","תל אביב-יפו","https://www.comeet.com/jobs/atera/63.00B/director-of-sales/EE.E6C?utm_source=techmap&utm_medium=csv&utm_campaign=github&utm_term=apply","2026-08-02"
"Atera Networks","Productivity","l","Outbound Account Executive","Representative","תל אביב-יפו","https://www.comeet.com/jobs/atera/63.00B/outbound-account-executive/C3.963?utm_source=techmap&utm_medium=csv&utm_campaign=github&utm_term=apply","2026-08-02"
"ActiveFence","Cybersecurity","l","Sr. Director of Business Applications & Systems","Executive","בנימינה גבעת עדה","https://www.comeet.com/jobs/alice/D5.005/sr_-director-of-business-applications--systems/71.B65?utm_source=techmap&utm_medium=csv&utm_campaign=github&utm_term=apply","2026-08-02"
"Lusha","AdTech","l","GTM growth Account Executive","Representative","תל אביב-יפו","https://www.comeet.com/jobs/lusha/73.00B/gtm-growth-account-executive/81.D63?utm_source=techmap&utm_medium=csv&utm_campaign=github&utm_term=apply","2026-08-02"
"DealHub","Productivity","l","Sales Operations - Student Position","Student","חולון","https://www.comeet.com/jobs/dealhub/86.005/sales-operations---student-position/10.F60?utm_source=techmap&utm_medium=csv&utm_campaign=github&utm_term=apply","2026-08-02"
"Riverside.fm","AI/ML","l","Account Executive, Enterprise - EMEA","Representative","תל אביב-יפו","https://www.comeet.com/jobs/riverside-fm/66.009/account-executive-enterprise---emea/99.E6A?utm_source=techmap&utm_medium=csv&utm_campaign=github&utm_term=apply","2026-08-02"
"Riverside.fm","AI/ML","l","Business Development Representative - Israel","Representative","תל אביב-יפו","https://www.comeet.com/jobs/riverside-fm/66.009/business-development-representative---israel/0A.26E?utm_source=techmap&utm_medium=csv&utm_campaign=github&utm_term=apply","2026-08-02"
"Connecteam","Productivity","l","Account Executive SMB- Israel","Representative","ראשון לציון","https://il.linkedin.com/jobs/view/account-executive-smb-israel-at-connecteam-4421613213?utm_source=techmap&utm_medium=csv&utm_campaign=github&utm_term=apply","2026-08-02"
"Pango","Automotive","m","Call Center Sales Training & Performance Manager","Manager","פתח תקווה","https://il.linkedin.com/jobs/view/call-center-sales-training-performance-manager-at-pango-4447661101?utm_source=techmap&utm_medium=csv&utm_campaign=github&utm_term=apply","2026-08-02"
"Apester","Digital Media","s","Programmatic Account Manager","Representative","תל אביב-יפו","https://il.linkedin.com/jobs/view/programmatic-account-manager-at-apester-4446772474?utm_source=techmap&utm_medium=csv&utm_campaign=github&utm_term=apply","2026-08-02"
"Wolt","E-commerce & Retail","xl","Enterprise Sales - Retail Media","Representative","תל אביב-יפו","https://il.linkedin.com/jobs/view/enterprise-sales-retail-media-at-wolt-4438954049?utm_source=techmap&utm_medium=csv&utm_campaign=github&utm_term=apply","2026-08-02"
"Atera Networks","Productivity","l","Account Executive","Representative","תל אביב-יפו","https://www.comeet.com/jobs/atera/63.00B/account-executive/F8.B6C?utm_source=techmap&utm_medium=csv&utm_campaign=github&utm_term=apply","2026-08-01"
"ActiveFence","Cybersecurity","l","HR Business Partner (Maternity Leave Replacement)","Representative","בנימינה גבעת עדה","https://www.comeet.com/jobs/alice/D5.005/hr-business-partner-maternity-leave-replacement/94.C6A?utm_source=techmap&utm_medium=csv&utm_campaign=github&utm_term=apply","2026-08-01"
"Cognyte","Cybersecurity","l","Pre-Sales Engineer","Representative","הרצליה","https://www.comeet.com/jobs/cognyte/F2.009/pre-sales-engineer/82.A61?utm_source=techmap&utm_medium=csv&utm_campaign=github&utm_term=apply","2026-08-01"
"Cognyte","Cybersecurity","l","Sales - Pre Sales Engineer","Representative","הרצליה","https://www.comeet.com/jobs/cognyte/F2.009/sales---pre-sales-engineer/36.D68?utm_source=techmap&utm_medium=csv&utm_campaign=github&utm_term=apply","2026-08-01"
"Cisco Systems","Telecommunications","l","Regional Sales Director (Splunk)","Manager","נתניה","https://il.linkedin.com/jobs/view/regional-sales-director-splunk-at-cisco-4447860025?utm_source=techmap&utm_medium=csv&utm_campaign=github&utm_term=apply","2026-08-01"
"Align Technology","Health","xl","Salesforce System Analyst","Representative","פתח תקווה","https://il.linkedin.com/jobs/view/salesforce-system-analyst-at-align-technology-4377386244?utm_source=techmap&utm_medium=csv&utm_campaign=github&utm_term=apply","2026-08-01"
"Waterfall Security Solutions","Cybersecurity","m","Sales Manager","Manager","ראש העין","https://www.comeet.com/jobs/waterfall-security/C7.009/sales-manager/7B.D69?utm_source=techmap&utm_medium=csv&utm_campaign=github&utm_term=apply","2026-07-31"
"SuperPlay","Gaming","l","Monetization Manager","Manager","תל אביב-יפו","https://www.comeet.com/jobs/superplay/28.003/monetization-manager/45.06B?utm_source=techmap&utm_medium=csv&utm_campaign=github&utm_term=apply","2026-07-31"
"DealHub","Productivity","l","Enterprise Account Executive","Representative","חולון","https://www.comeet.com/jobs/dealhub/86.005/enterprise-account-executive/A3.753?utm_source=techmap&utm_medium=csv&utm_campaign=github&utm_term=apply","2026-07-31"
"Abbott","Health","m","Medical Sales Representative-  temporary","Representative","תל אביב-יפו","https://il.linkedin.com/jobs/view/medical-sales-representative-temporary-at-abbott-4445627266?utm_source=techmap&utm_medium=csv&utm_campaign=github&utm_term=apply","2026-07-31"
"Elmo Motion Control","Robotics & Automation","l","Sales Operation Team Leader","Manager","פתח תקווה","https://il.linkedin.com/jobs/view/sales-operation-team-leader-at-elmo-motion-control-4447504750?utm_source=techmap&utm_medium=csv&utm_campaign=github&utm_term=apply","2026-07-31"
"Personetics Technologies","AI/ML","l","HR Business Partner","Representative","גבעתיים","https://www.comeet.com/jobs/personetics/83.00A/hr-business-partner/F6.A64?utm_source=techmap&utm_medium=csv&utm_campaign=github&utm_term=apply","2026-07-30"
"Ceragon Networks","Telecommunications","l","VP Business Applications","Executive","ראש העין","https://www.comeet.com/jobs/Ceragon/D3.003/vp-business-applications/81.E6D?utm_source=techmap&utm_medium=csv&utm_campaign=github&utm_term=apply","2026-07-30"
"Cognyte","Cybersecurity","l","Purchasing Account Manager","Representative","הרצליה","https://www.comeet.com/jobs/cognyte/F2.009/purchasing-account-manager/D6.E6B?utm_source=techmap&utm_medium=csv&utm_campaign=github&utm_term=apply","2026-07-30"
"Nuvei","Fintech","xl","Business Development Manager","Manager","תל אביב-יפו","https://il.linkedin.com/jobs/view/business-development-manager-at-nuvei-4446785559?utm_source=techmap&utm_medium=csv&utm_campaign=github&utm_term=apply","2026-07-30"
"Varonis Systems","Cybersecurity","l","Technical Account Manager","Representative","הרצליה","https://il.linkedin.com/jobs/view/technical-account-manager-at-varonis-4447004753?utm_source=techmap&utm_medium=csv&utm_campaign=github&utm_term=apply","2026-07-30"
"Cyolo","Cybersecurity","m","SDR Manager","Manager","רמת גן","https://il.linkedin.com/jobs/view/sdr-manager-at-cyolo-4446768213?utm_source=techmap&utm_medium=csv&utm_campaign=github&utm_term=apply","2026-07-30"
"SalesForce","AI/ML","l","Territory Account Executive - Public Sector","Representative","תל אביב-יפו","https://il.linkedin.com/jobs/view/territory-account-executive-public-sector-at-salesforce-4429587429?utm_source=techmap&utm_medium=csv&utm_campaign=github&utm_term=apply","2026-07-30"
"Oligo","Cybersecurity","s","Technical Account Manager","Representative","תל אביב-יפו","https://il.linkedin.com/jobs/view/technical-account-manager-at-oligo-security-4446776046?utm_source=techmap&utm_medium=csv&utm_campaign=github&utm_term=apply","2026-07-30"
"Oracle","Cloud Computing","l","Solution Engineer (Pre-Sales) – Oracle HCM Solutions","Representative","פתח תקווה","https://il.linkedin.com/jobs/view/solution-engineer-pre-sales-%E2%80%93-oracle-hcm-solutions-at-oracle-4426878564?utm_source=techmap&utm_medium=csv&utm_campaign=github&utm_term=apply","2026-07-30"
"SimilarWeb","Productivity","l","Sales Manager","Manager","גבעתיים","https://il.linkedin.com/jobs/view/sales-manager-at-similarweb-4410734252?utm_source=techmap&utm_medium=csv&utm_campaign=github&utm_term=apply","2026-07-30"
"Taboola","AdTech","l","Advertiser Account Manager (Domestic Market)- Maternity leave replacement","Representative","רמת גן","https://il.linkedin.com/jobs/view/advertiser-account-manager-domestic-market-maternity-leave-replacement-at-taboola-4438657205?utm_source=techmap&utm_medium=csv&utm_campaign=github&utm_term=apply","2026-07-30"
"Waterfall Security Solutions","Cybersecurity","m","Sales Associate","Representative","ראש העין","https://www.comeet.com/jobs/waterfall-security/C7.009/sales-associate/6E.55D?utm_source=techmap&utm_medium=csv&utm_campaign=github&utm_term=apply","2026-07-29"
"365Scores","Digital Media","l","PPC Account Manager - Entain","Representative","תל אביב-יפו","https://www.comeet.com/jobs/365scores/B3.006/ppc-account-manager---entain/D6.B62?utm_source=techmap&utm_medium=csv&utm_campaign=github&utm_term=apply","2026-07-29"
"Cross River Technologies","Fintech","m","Would LOVE to join Cross River!!","Executive","תל אביב-יפו","https://www.comeet.com/jobs/crossriver/C7.00F/would-love-to-join-cross-river/92.F23?utm_source=techmap&utm_medium=csv&utm_campaign=github&utm_term=apply","2026-07-29"
"Mend","Cybersecurity","l","Account Executive, EMEA & APAC","Representative","כרמיאל","https://il.linkedin.com/jobs/view/account-executive-emea-apac-at-mend-io-4446834415?utm_source=techmap&utm_medium=csv&utm_campaign=github&utm_term=apply","2026-07-29"
"hiSky SCS","Telecommunications","m","Sales Director – Military & defence Sector, Israel","Executive","ראש העין","https://il.linkedin.com/jobs/view/sales-director-%E2%80%93-military-defence-sector-israel-at-hisky-4424053270?utm_source=techmap&utm_medium=csv&utm_campaign=github&utm_term=apply","2026-07-29"
"Varonis Systems","Cybersecurity","l","Software Developer - IT Business Application","Representative","הרצליה","https://il.linkedin.com/jobs/view/software-developer-it-business-application-at-varonis-4446800273?utm_source=techmap&utm_medium=csv&utm_campaign=github&utm_term=apply","2026-07-29"
"Helfy","Health","s","Business Development","Representative","הרצליה","https://il.linkedin.com/jobs/view/business-development-at-helfy-4425629577?utm_source=techmap&utm_medium=csv&utm_campaign=github&utm_term=apply","2026-07-29"
"Lionsgate Network","Productivity","xs","We're Hiring: Account Executives 5AM-11AM","Representative","תל אביב-יפו","https://il.linkedin.com/jobs/view/we-re-hiring-account-executives-5am-11am-at-lionsgate-intelligence-network-4444103415?utm_source=techmap&utm_medium=csv&utm_campaign=github&utm_term=apply","2026-07-29"
"Buildots","Robotics & Automation","l","Sales Enablement Manager","Manager","תל אביב-יפו","https://il.linkedin.com/jobs/view/sales-enablement-manager-at-buildots-4444128378?utm_source=techmap&utm_medium=csv&utm_campaign=github&utm_term=apply","2026-07-29"
"Palo Alto Networks","Cybersecurity","xl","District Sales Manager Public Sector & Defense","Manager","תל אביב-יפו","https://il.linkedin.com/jobs/view/district-sales-manager-public-sector-defense-at-palo-alto-networks-4415247432?utm_source=techmap&utm_medium=csv&utm_campaign=github&utm_term=apply","2026-07-29"
"Google","Digital Media","xl","Micro-Architect, Networking, Google Cloud","Executive","תל אביב-יפו","https://il.linkedin.com/jobs/view/micro-architect-networking-google-cloud-at-google-4446070660?utm_source=techmap&utm_medium=csv&utm_campaign=github&utm_term=apply","2026-07-29"
"AudioCodes","Telecommunications","l","Sales Operations Desk","Representative","ראש העין","https://il.linkedin.com/jobs/view/sales-operations-desk-at-audiocodes-4446040358?utm_source=techmap&utm_medium=csv&utm_campaign=github&utm_term=apply","2026-07-29"
"Elbit Systems","Aerospace","l","Marketing & Business Development Manager","Manager","חיפה","https://il.linkedin.com/jobs/view/marketing-business-development-manager-at-elbit-systems-israel-4407778731?utm_source=techmap&utm_medium=csv&utm_campaign=github&utm_term=apply","2026-07-29"
"DealHub","Productivity","l","Business Development Representative","Representative","חולון","https://www.comeet.com/jobs/dealhub/86.005/business-development-representative/06.65B?utm_source=techmap&utm_medium=csv&utm_campaign=github&utm_term=apply","2026-07-28"
"Riverside.fm","AI/ML","l","GTM Analytics Director","Executive","תל אביב-יפו","https://www.comeet.com/jobs/riverside-fm/66.009/gtm-analytics-director/C2.B65?utm_source=techmap&utm_medium=csv&utm_campaign=github&utm_term=apply","2026-07-28"
"Okoora","Fintech","s","Enterprise Account Executive","Representative","תל אביב-יפו","https://www.comeet.com/jobs/okoora/85.00C/enterprise-account-executive/C2.C69?utm_source=techmap&utm_medium=csv&utm_campaign=github&utm_term=apply","2026-07-28"
"Okoora","Fintech","s","Head of Sales","Executive","תל אביב-יפו","https://www.comeet.com/jobs/okoora/85.00C/head-of-sales/9D.C65?utm_source=techmap&utm_medium=csv&utm_campaign=github&utm_term=apply","2026-07-28"
"Coralogix","Cloud Computing","l","Technical Account Manager – Team Lead","Representative","רמת גן","https://il.linkedin.com/jobs/view/technical-account-manager-%E2%80%93-team-lead-at-coralogix-4440074014?utm_source=techmap&utm_medium=csv&utm_campaign=github&utm_term=apply","2026-07-28"
"Comda","Cybersecurity","m","Senior Presales","Representative","תל אביב-יפו","https://il.linkedin.com/jobs/view/senior-presales-at-comda-4443231160?utm_source=techmap&utm_medium=csv&utm_campaign=github&utm_term=apply","2026-07-28"
"Webz.io","AI/ML","m","Account Executive","Representative","פתח תקווה","https://il.linkedin.com/jobs/view/account-executive-at-webz-io-4433970040?utm_source=techmap&utm_medium=csv&utm_campaign=github&utm_term=apply","2026-07-28"
"Faddom","Cloud Computing","s","Sales Development Representative","Representative","רמת גן","https://il.linkedin.com/jobs/view/sales-development-representative-at-faddom-4442846140?utm_source=techmap&utm_medium=csv&utm_campaign=github&utm_term=apply","2026-07-28"
"GeoEdge","Cybersecurity","m","Business Development Associate","Representative","תל אביב-יפו","https://il.linkedin.com/jobs/view/business-development-associate-at-geoedge-4428586533?utm_source=techmap&utm_medium=csv&utm_campaign=github&utm_term=apply","2026-07-28"
"SAP","Productivity","xl","Senior Account Executive - Corporate (Mid-Market) | SAP Israel","Representative","מודיעין-מכבים-רעות","https://il.linkedin.com/jobs/view/senior-account-executive-corporate-mid-market-sap-israel-at-sap-4427484621?utm_source=techmap&utm_medium=csv&utm_campaign=github&utm_term=apply","2026-07-28"
"Keysight","Semiconductors","xl","Sales Account Manager","Representative","רעננה","https://il.linkedin.com/jobs/view/sales-account-manager-at-keysight-technologies-4443256611?utm_source=techmap&utm_medium=csv&utm_campaign=github&utm_term=apply","2026-07-28"
"Connecteam","Productivity","l","Account Executive - SMB EMEA","Representative","ראשון לציון","https://il.linkedin.com/jobs/view/account-executive-smb-emea-at-connecteam-4437734582?utm_source=techmap&utm_medium=csv&utm_campaign=github&utm_term=apply","2026-07-28"
"Playtika","Gaming","l","Monetization Manager","Manager","הרצליה","https://il.linkedin.com/jobs/view/monetization-manager-at-playtika-4414853359?utm_source=techmap&utm_medium=csv&utm_campaign=github&utm_term=apply","2026-07-28"
"Taboola","AdTech","l","Programmatic Account Manager","Representative","רמת גן","https://il.linkedin.com/jobs/view/programmatic-account-manager-at-taboola-4429234667?utm_source=techmap&utm_medium=csv&utm_campaign=github&utm_term=apply","2026-07-28"
"NICE","Cybersecurity","l","ERP & Business Application Manager","Manager","רעננה","https://il.linkedin.com/jobs/view/erp-business-application-manager-at-nice-4443602143?utm_source=techmap&utm_medium=csv&utm_campaign=github&utm_term=apply","2026-07-28"
"Elbit Systems","Aerospace","l","Business Development Manager","Manager","חיפה","https://il.linkedin.com/jobs/view/business-development-manager-at-elbit-systems-israel-4376629812?utm_source=techmap&utm_medium=csv&utm_campaign=github&utm_term=apply","2026-07-28"
"eToro","Fintech","l","Account Manager, Dutch-speaking","Representative","תל אביב-יפו","https://www.comeet.com/jobs/etoro/41.009/account-manager-dutch-speaking/5A.D65?utm_source=techmap&utm_medium=csv&utm_campaign=github&utm_term=apply","2026-07-27"
"Cardo Systems","Telecommunications","m","Order Management Specialist","Representative","רעננה","https://www.comeet.com/jobs/cardosystems/F2.003/order-management-specialist/A8.E6A?utm_source=techmap&utm_medium=csv&utm_campaign=github&utm_term=apply","2026-07-27"
"Riverside.fm","AI/ML","l","Agency Account Executive - EMEA","Representative","תל אביב-יפו","https://www.comeet.com/jobs/riverside-fm/66.009/agency-account-executive---emea/99.E62?utm_source=techmap&utm_medium=csv&utm_campaign=github&utm_term=apply","2026-07-27"
"Riverside.fm","AI/ML","l","Head of Business Development","Executive","תל אביב-יפו","https://www.comeet.com/jobs/riverside-fm/66.009/head-of-business-development/B4.D60-E3.20E?utm_source=techmap&utm_medium=csv&utm_campaign=github&utm_term=apply","2026-07-27"
"Novo Nordisk","Health","xl","Sales Representative- South District","Representative","כפר סבא","https://il.linkedin.com/jobs/view/sales-representative-south-district-at-novo-nordisk-4411189389?utm_source=techmap&utm_medium=csv&utm_campaign=github&utm_term=apply","2026-07-27"
"Forcepoint","Cybersecurity","xl","Inside Channel Account Manager - Israel","Representative","תל אביב-יפו","https://il.linkedin.com/jobs/view/inside-channel-account-manager-israel-at-forcepoint-4445963722?utm_source=techmap&utm_medium=csv&utm_campaign=github&utm_term=apply","2026-07-27"
"Connecteam","Productivity","l","Sales Development Representative","Representative","ראשון לציון","https://il.linkedin.com/jobs/view/sales-development-representative-at-connecteam-4445658880?utm_source=techmap&utm_medium=csv&utm_campaign=github&utm_term=apply","2026-07-27"
"NoTraffic","AI/ML","m","Business Applications Specialist","Representative","תל אביב-יפו","https://il.linkedin.com/jobs/view/business-applications-specialist-at-notraffic-4445900120?utm_source=techmap&utm_medium=csv&utm_campaign=github&utm_term=apply","2026-07-27"
"Directeam","Productivity","s","Head of Account Management","Executive","גבעתיים","https://il.linkedin.com/jobs/view/head-of-account-management-at-directeam-4442383132?utm_source=techmap&utm_medium=csv&utm_campaign=github&utm_term=apply","2026-07-27"
"Mine","Productivity","m","Account Manager","Representative","תל אביב-יפו","https://il.linkedin.com/jobs/view/account-manager-at-mine-4437679768?utm_source=techmap&utm_medium=csv&utm_campaign=github&utm_term=apply","2026-07-27"
"Mine","Productivity","m","Pre Post Sales Engineer","Representative","תל אביב-יפו","https://il.linkedin.com/jobs/view/pre-post-sales-engineer-at-mine-4445940392?utm_source=techmap&utm_medium=csv&utm_campaign=github&utm_term=apply","2026-07-27"
"AxonPulse","AI/ML","s","Presales Engineer","Representative","תל אביב-יפו","https://il.linkedin.com/jobs/view/presales-engineer-at-axon-pulse-4444883831?utm_source=techmap&utm_medium=csv&utm_campaign=github&utm_term=apply","2026-07-27"
"DRS RADA Technologies","Aerospace","l","HR Business Partner (Temporary)","Representative","נתניה","https://il.linkedin.com/jobs/view/hr-business-partner-temporary-at-drs-rada-technologies-4445944113?utm_source=techmap&utm_medium=csv&utm_campaign=github&utm_term=apply","2026-07-27"
"Check Point Software Technologies","Cybersecurity","l","Renewal Sales Manager  German Speaker (Fixed-Term Contract 1 Year)","Manager","תל אביב-יפו","https://il.linkedin.com/jobs/view/renewal-sales-manager-german-speaker-fixed-term-contract-1-year-at-check-point-software-4442851834?utm_source=techmap&utm_medium=csv&utm_campaign=github&utm_term=apply","2026-07-27"
"Gett","Automotive","l","Senior Salesforce and Business Applications Analyst","Representative","פתח תקווה","https://www.comeet.com/jobs/gett/A0.002/senior-salesforce-and-business-applications-analyst/4B.D69?utm_source=techmap&utm_medium=csv&utm_campaign=github&utm_term=apply","2026-07-26"
"mPrest","IoT","m","International Sales Manager","Manager","פתח תקווה","https://www.comeet.com/jobs/mprest/38.005/international-sales-manager/00.968?utm_source=techmap&utm_medium=csv&utm_campaign=github&utm_term=apply","2026-07-26"
"Guardio","Cybersecurity","m","Head of Business Development","Executive","תל אביב-יפו","https://www.comeet.com/jobs/guardio/57.000/head-of-business-development/CD.C6A?utm_source=techmap&utm_medium=csv&utm_campaign=github&utm_term=apply","2026-07-26"
"Lumenis","Health","l","Regional Sales Manager EU","Manager","יוקנעם עילית","https://www.comeet.com/jobs/lumenis/A1.00C/regional-sales-manager-eu/73.E6E?utm_source=techmap&utm_medium=csv&utm_campaign=github&utm_term=apply","2026-07-26"
"MyHeritage","Digital Media","l","B2C Sales OS","Representative","גבעתיים","https://il.linkedin.com/jobs/view/b2c-sales-os-at-myheritage-4440516233?utm_source=techmap&utm_medium=csv&utm_campaign=github&utm_term=apply","2026-07-26"
"HAAT Delivery","E-commerce & Retail","m","Commercial Sales Manager","Manager","חיפה","https://il.linkedin.com/jobs/view/commercial-sales-manager-at-haat-delivery-4442332967?utm_source=techmap&utm_medium=csv&utm_campaign=github&utm_term=apply","2026-07-26"
"Microsoft","Productivity","l","Senior Security Research- Microsoft Security","Executive","הרצליה","https://il.linkedin.com/jobs/view/senior-security-research-microsoft-security-at-microsoft-4428630613?utm_source=techmap&utm_medium=csv&utm_campaign=github&utm_term=apply","2026-07-26"
"Easy","E-commerce & Retail","m","Senior Sales Representative","Representative","תל אביב-יפו","https://il.linkedin.com/jobs/view/senior-sales-representative-at-easy-4444846045?utm_source=techmap&utm_medium=csv&utm_campaign=github&utm_term=apply","2026-07-26"
"Connecteam","Productivity","l","HR Business Partner","Representative","ראשון לציון","https://il.linkedin.com/jobs/view/hr-business-partner-at-connecteam-4445384629?utm_source=techmap&utm_medium=csv&utm_campaign=github&utm_term=apply","2026-07-26"
"Start.io","AdTech","m","Sales Manager - Supply Partnerships","Manager","נתניה","https://www.comeet.com/jobs/start.io/B2.004/sales-manager---supply-partnerships/D8.E6D?utm_source=techmap&utm_medium=csv&utm_campaign=github&utm_term=apply","2026-07-25"
"SalesForce","AI/ML","l","Cloud Account Executive","Representative","תל אביב-יפו","https://il.linkedin.com/jobs/view/cloud-account-executive-at-salesforce-4427001360?utm_source=techmap&utm_medium=csv&utm_campaign=github&utm_term=apply","2026-07-24"
"Taboola","AdTech","l","Programmatic Account Manager- Temporary position","Representative","רמת גן","https://il.linkedin.com/jobs/view/programmatic-account-manager-temporary-position-at-taboola-4427044281?utm_source=techmap&utm_medium=csv&utm_campaign=github&utm_term=apply","2026-07-24"
"Zoomd","AdTech","m","Senior Account Manager","Representative","הרצליה","https://il.linkedin.com/jobs/view/senior-account-manager-at-zoomd-technologies-tsxv-zomd-otc-zmdtf-4441526524?utm_source=techmap&utm_medium=csv&utm_campaign=github&utm_term=apply","2026-07-23"
"Redler Technologies","Robotics & Automation","s","Technical Sales Manager","Manager","כפר סבא","https://il.linkedin.com/jobs/view/technical-sales-manager-at-redler-technologies-4441509449?utm_source=techmap&utm_medium=csv&utm_campaign=github&utm_term=apply","2026-07-23"
"Google","Digital Media","xl","Administrative Business Partner, Google Search (Hebrew, English)","Representative","תל אביב-יפו","https://il.linkedin.com/jobs/view/administrative-business-partner-google-search-hebrew-english-at-google-4443878133?utm_source=techmap&utm_medium=csv&utm_campaign=github&utm_term=apply","2026-07-23"
"Microsoft","Productivity","l","Principal Security Research - Microsoft Security","Executive","הרצליה","https://il.linkedin.com/jobs/view/principal-security-research-microsoft-security-at-microsoft-4436321725?utm_source=techmap&utm_medium=csv&utm_campaign=github&utm_term=apply","2026-07-23"
"DEEL","Fintech","l","Sales Development Representative, Mid-Market | Israel","Representative","תל אביב-יפו","https://il.linkedin.com/jobs/view/sales-development-representative-mid-market-israel-at-deel-4432780803?utm_source=techmap&utm_medium=csv&utm_campaign=github&utm_term=apply","2026-07-23"
"Hyro","AI/ML","m","Business Development Representative","Representative","תל אביב-יפו","https://il.linkedin.com/jobs/view/business-development-representative-at-hyro-4437260869?utm_source=techmap&utm_medium=csv&utm_campaign=github&utm_term=apply","2026-07-23"
"Taboola","AdTech","l","SalesForce Team Lead","Manager","רמת גן","https://il.linkedin.com/jobs/view/salesforce-team-lead-at-taboola-4443491839?utm_source=techmap&utm_medium=csv&utm_campaign=github&utm_term=apply","2026-07-23"
"Lusha","AdTech","l","Account Manager | Commercial Builder","Representative","תל אביב-יפו","https://www.comeet.com/jobs/lusha/73.00B/account-manager--commercial-builder/81.E6A?utm_source=techmap&utm_medium=csv&utm_campaign=github&utm_term=apply","2026-07-22"
"Omnisys","Aerospace","m","Sales Business Development","Representative","כפר קאסם","https://il.linkedin.com/jobs/view/sales-business-development-at-omnisys-4443112404?utm_source=techmap&utm_medium=csv&utm_campaign=github&utm_term=apply","2026-07-22"
"Sisense","Productivity","l","Technical Account Manager","Representative","רמת גן","https://il.linkedin.com/jobs/view/technical-account-manager-at-sisense-4441777302?utm_source=techmap&utm_medium=csv&utm_campaign=github&utm_term=apply","2026-07-22"
"Jiga","E-commerce & Retail","s","Account Executive Defense - Israel","Representative","תל אביב-יפו","https://il.linkedin.com/jobs/view/account-executive-defense-israel-at-jiga-4443145404?utm_source=techmap&utm_medium=csv&utm_campaign=github&utm_term=apply","2026-07-22"
"Artlist","Digital Media","l","Director of Sales Operation","Executive","תל אביב-יפו","https://il.linkedin.com/jobs/view/director-of-sales-operation-at-artlist-4416300075?utm_source=techmap&utm_medium=csv&utm_campaign=github&utm_term=apply","2026-07-22"
"HP","Productivity","xl","Sales Application Lead","Manager","נתניה","https://il.linkedin.com/jobs/view/sales-application-lead-at-hp-4437895243?utm_source=techmap&utm_medium=csv&utm_campaign=github&utm_term=apply","2026-07-22"
"Moovit","Telecommunications","m","Media Account Manager","Representative","רחובות","https://il.linkedin.com/jobs/view/media-account-manager-at-moovit-4442972915?utm_source=techmap&utm_medium=csv&utm_campaign=github&utm_term=apply","2026-07-22"
"Elbit Systems","Aerospace","l","Microwave Radar Project Lead","Executive","חיפה","https://il.linkedin.com/jobs/view/microwave-radar-project-lead-at-elbit-systems-israel-4431920065?utm_source=techmap&utm_medium=csv&utm_campaign=github&utm_term=apply","2026-07-22"
"AppsFlyer","AdTech","l","FP&A Business Partner","Representative","הרצליה","https://il.linkedin.com/jobs/view/fp-a-business-partner-at-appsflyer-4434172198?utm_source=techmap&utm_medium=csv&utm_campaign=github&utm_term=apply","2026-07-21"
"abra","Productivity","l","SDR & Account Manager","Representative","רעננה","https://il.linkedin.com/jobs/view/sdr-account-manager-at-abra-4442605657?utm_source=techmap&utm_medium=csv&utm_campaign=github&utm_term=apply","2026-07-21"
"WalkMe","Productivity","l","Business Development Representative - German speaking","Representative","תל אביב-יפו","https://il.linkedin.com/jobs/view/business-development-representative-german-speaking-at-walkme-4443351797?utm_source=techmap&utm_medium=csv&utm_campaign=github&utm_term=apply","2026-07-21"
"Check Point Software Technologies","Cybersecurity","l","Head of Sales, Check Point Services","Executive","תל אביב-יפו","https://il.linkedin.com/jobs/view/head-of-sales-check-point-services-at-check-point-software-4443364662?utm_source=techmap&utm_medium=csv&utm_campaign=github&utm_term=apply","2026-07-21"
"Taboola","AdTech","l","Business Applications Manager","Manager","רמת גן","https://il.linkedin.com/jobs/view/business-applications-manager-at-taboola-4443384261?utm_source=techmap&utm_medium=csv&utm_campaign=github&utm_term=apply","2026-07-21"
"Start.io","AdTech","m","Sales Manager","Manager","נתניה","https://il.linkedin.com/jobs/view/sales-manager-at-start-io-4440167146?utm_source=techmap&utm_medium=csv&utm_campaign=github&utm_term=apply","2026-07-20"
"Harmoniz","Sustainable Technology","m","Sales Director","Executive","כפר מנחם","https://il.linkedin.com/jobs/view/sales-director-at-harmoniz-the-art-of-seed-innovation-4439656960?utm_source=techmap&utm_medium=csv&utm_campaign=github&utm_term=apply","2026-07-20"
"Digital Turbine","AdTech","xl","Publisher Account Manager","Representative","פתח תקווה","https://il.linkedin.com/jobs/view/publisher-account-manager-at-dt-4442019952?utm_source=techmap&utm_medium=csv&utm_campaign=github&utm_term=apply","2026-07-20"
"Play Perfect","Digital Media","m","Monetization Manager","Manager","תל אביב-יפו","https://il.linkedin.com/jobs/view/monetization-manager-at-play-perfect-4411144675?utm_source=techmap&utm_medium=csv&utm_campaign=github&utm_term=apply","2026-07-20"
"DEEL","Fintech","l","Account Executive, Enterprise | Israel","Representative","תל אביב-יפו","https://il.linkedin.com/jobs/view/account-executive-enterprise-israel-at-deel-4442083407?utm_source=techmap&utm_medium=csv&utm_campaign=github&utm_term=apply","2026-07-20"
"SciPlay","Gaming","l","VIP Monetization Manager","Manager","רמת גן","https://il.linkedin.com/jobs/view/vip-monetization-manager-at-sciplay-4385135519?utm_source=techmap&utm_medium=csv&utm_campaign=github&utm_term=apply","2026-07-20"
"SysAid","Productivity","l","Account Manager","Representative","תל אביב-יפו","https://il.linkedin.com/jobs/view/account-manager-at-sysaid-4439655835?utm_source=techmap&utm_medium=csv&utm_campaign=github&utm_term=apply","2026-07-19"
"Check Point Software Technologies","Cybersecurity","l","Order Management Specialist - August 2026","Representative","תל אביב-יפו","https://il.linkedin.com/jobs/view/order-management-specialist-august-2026-at-check-point-software-4442544451?utm_source=techmap&utm_medium=csv&utm_campaign=github&utm_term=apply","2026-07-19"
"Wolt","E-commerce & Retail","xl","Account Executive - Enterprise Ads","Representative","תל אביב-יפו","https://il.linkedin.com/jobs/view/account-executive-enterprise-ads-at-wolt-4441794039?utm_source=techmap&utm_medium=csv&utm_campaign=github&utm_term=apply","2026-07-19"
"Augury","Robotics & Automation","l","Strategic Account Executive","Representative","חיפה","https://il.linkedin.com/jobs/view/strategic-account-executive-at-augury-4442138559?utm_source=techmap&utm_medium=csv&utm_campaign=github&utm_term=apply","2026-07-17"
"Semperis","Cybersecurity","l","Enterprise Sales Director, Israel","Executive","רמת גן","https://il.linkedin.com/jobs/view/enterprise-sales-director-israel-at-semperis-4410625606?utm_source=techmap&utm_medium=csv&utm_campaign=github&utm_term=apply","2026-07-17"
"SciPlay","Gaming","l","Monetization Manager","Manager","רמת גן","https://il.linkedin.com/jobs/view/monetization-manager-at-sciplay-4433517827?utm_source=techmap&utm_medium=csv&utm_campaign=github&utm_term=apply","2026-07-17"
"Duve","E-commerce & Retail","m","Business Development Representative","Representative",,"https://il.linkedin.com/jobs/view/business-development-representative-at-duve-4417067147?utm_source=techmap&utm_medium=csv&utm_campaign=github&utm_term=apply","2026-07-16"
"Cyera","Cybersecurity","m","Presales Engineer - Tel Aviv","Representative","תל אביב-יפו","https://il.linkedin.com/jobs/view/presales-engineer-tel-aviv-at-cyera-4440630951?utm_source=techmap&utm_medium=csv&utm_campaign=github&utm_term=apply","2026-07-16"
"Sentra","Cybersecurity","m","Technical Account Manager","Representative","תל אביב-יפו","https://il.linkedin.com/jobs/view/technical-account-manager-at-sentra-4438488551?utm_source=techmap&utm_medium=csv&utm_campaign=github&utm_term=apply","2026-07-16"
"Winn.ai","Productivity","s","Business Development Representative","Representative","תל אביב-יפו","https://il.linkedin.com/jobs/view/business-development-representative-at-winn-ai-4440702005?utm_source=techmap&utm_medium=csv&utm_campaign=github&utm_term=apply","2026-07-16"
"Check Point Software Technologies","Cybersecurity","l","Technology Procurement Business Partner","Representative","תל אביב-יפו","https://il.linkedin.com/jobs/view/technology-procurement-business-partner-at-check-point-software-4440660008?utm_source=techmap&utm_medium=csv&utm_campaign=github&utm_term=apply","2026-07-16"
"JFrog","Cloud Computing","l","Business Development Representative - German Speaker","Representative","נתניה","https://il.linkedin.com/jobs/view/business-development-representative-german-speaker-at-jfrog-4424095741?utm_source=techmap&utm_medium=csv&utm_campaign=github&utm_term=apply","2026-07-16"
"Check Point Software Technologies","Cybersecurity","l","Major Account Manager","Representative","תל אביב-יפו","https://il.linkedin.com/jobs/view/major-account-manager-at-check-point-software-4440644721?utm_source=techmap&utm_medium=csv&utm_campaign=github&utm_term=apply","2026-07-16"
"Check Point Software Technologies","Cybersecurity","l","Workspace Sales Specialist","Representative","תל אביב-יפו","https://il.linkedin.com/jobs/view/workspace-sales-specialist-at-check-point-software-4440662020?utm_source=techmap&utm_medium=csv&utm_campaign=github&utm_term=apply","2026-07-16"
"SciPlay","Gaming","l","Head of monetization and Economy","Executive","רמת גן","https://il.linkedin.com/jobs/view/head-of-monetization-and-economy-at-sciplay-4441454568?utm_source=techmap&utm_medium=csv&utm_campaign=github&utm_term=apply","2026-07-16"
"BrandShield","Cybersecurity","m","נציג.ת תמיכת לקוחות","Representative","הרצליה","https://www.comeet.com/jobs/brandshield/13.002/_--/D9.D3E?utm_source=techmap&utm_medium=csv&utm_campaign=github&utm_term=apply","2026-07-15"
"CommBox","Telecommunications","m","SDR - Student Position","Student","גליל ים","https://il.linkedin.com/jobs/view/sdr-student-position-at-commbox-4441216828?utm_source=techmap&utm_medium=csv&utm_campaign=github&utm_term=apply","2026-07-15"
"Pulsenmore","Health","m","נציג/ת מכירות ( טלפוניות ופרונטליות) וליווי לקוחות","Representative","עומר","https://il.linkedin.com/jobs/view/%D7%A0%D7%A6%D7%99%D7%92-%D7%AA-%D7%9E%D7%9B%D7%99%D7%A8%D7%95%D7%AA-%D7%98%D7%9C%D7%A4%D7%95%D7%A0%D7%99%D7%95%D7%AA-%D7%95%D7%A4%D7%A8%D7%95%D7%A0%D7%98%D7%9C%D7%99%D7%95%D7%AA-%D7%95%D7%9C%D7%99%D7%95%D7%95%D7%99-%D7%9C%D7%A7%D7%95%D7%97%D7%95%D7%AA-at-pulsenmore-4440979572?utm_source=techmap&utm_medium=csv&utm_campaign=github&utm_term=apply","2026-07-15"
"Motorola Solutions","Telecommunications","xl","HR Business Partner","Representative","תל אביב-יפו","https://il.linkedin.com/jobs/view/hr-business-partner-at-motorola-solutions-4432582930?utm_source=techmap&utm_medium=csv&utm_campaign=github&utm_term=apply","2026-07-15"
"Neema","Fintech","m","VP Sales (B2B2C) - IL Market","Executive","תל אביב-יפו","https://il.linkedin.com/jobs/view/vp-sales-b2b2c-il-market-at-neema-better-than-a-bank-4440961410?utm_source=techmap&utm_medium=csv&utm_campaign=github&utm_term=apply","2026-07-15"
"Edwards Lifesciences","Health","xl","Clinical Sales Team Manager","Manager","קיסריה","https://il.linkedin.com/jobs/view/clinical-sales-team-manager-at-edwards-lifesciences-4413024541?utm_source=techmap&utm_medium=csv&utm_campaign=github&utm_term=apply","2026-07-15"
"Bright Data","AdTech","l","Procurement Business Partner","Representative","נתניה","https://il.linkedin.com/jobs/view/procurement-business-partner-at-bright-data-4441741813?utm_source=techmap&utm_medium=csv&utm_campaign=github&utm_term=apply","2026-07-15"
"aiOla","AI/ML","m","Founding  Enterprise Account Executive (US market)","Representative","הרצליה","https://il.linkedin.com/jobs/view/founding-enterprise-account-executive-us-market-at-aiola-4440255661?utm_source=techmap&utm_medium=csv&utm_campaign=github&utm_term=apply","2026-07-15"
"Quantum Machines","IoT","m","Cloud Security Engineer - Microsoft 365","Executive","תל אביב-יפו","https://il.linkedin.com/jobs/view/cloud-security-engineer-microsoft-365-at-quantum-machines-4362195136?utm_source=techmap&utm_medium=csv&utm_campaign=github&utm_term=apply","2026-07-15"
"SalesForce","AI/ML","l","Enterprise Account Executive - Core","Representative","תל אביב-יפו","https://il.linkedin.com/jobs/view/enterprise-account-executive-core-at-salesforce-4421831347?utm_source=techmap&utm_medium=csv&utm_campaign=github&utm_term=apply","2026-07-14"
"Motorola Solutions","Telecommunications","xl","Finance Business Partner","Representative","תל אביב-יפו","https://il.linkedin.com/jobs/view/finance-business-partner-at-motorola-solutions-4440564454?utm_source=techmap&utm_medium=csv&utm_campaign=github&utm_term=apply","2026-07-14"
"Quantum Machines","IoT","m","Sales & Business Development Manager - IQCC","Manager","תל אביב-יפו","https://il.linkedin.com/jobs/view/sales-business-development-manager-iqcc-at-quantum-machines-4439861021?utm_source=techmap&utm_medium=csv&utm_campaign=github&utm_term=apply","2026-07-14"
"AstraZeneca","Health","m","Sales Cancer specialist GI North-Center","Representative","כפר סבא","https://il.linkedin.com/jobs/view/sales-cancer-specialist-gi-north-center-at-astrazeneca-4390739402?utm_source=techmap&utm_medium=csv&utm_campaign=github&utm_term=apply","2026-07-12"
"SciPlay","Gaming","l","VP Monetization","Executive","רמת גן","https://il.linkedin.com/jobs/view/vp-monetization-at-sciplay-4431373761?utm_source=techmap&utm_medium=csv&utm_campaign=github&utm_term=apply","2026-07-12"
"CloudShare","Cloud Computing","m","Technical Account Manager","Representative","תל אביב-יפו","https://il.linkedin.com/jobs/view/technical-account-manager-at-cloudshare-4439352412?utm_source=techmap&utm_medium=csv&utm_campaign=github&utm_term=apply","2026-07-10"
"HAAT Delivery","E-commerce & Retail","m","Sales Development Representative","Representative","חיפה","https://il.linkedin.com/jobs/view/sales-development-representative-at-haat-delivery-4435631970?utm_source=techmap&utm_medium=csv&utm_campaign=github&utm_term=apply","2026-07-09"
"ThirdEye Systems","AI/ML","s","Sales & Business Development Representative (Israel)","Representative","נתניה","https://il.linkedin.com/jobs/view/sales-business-development-representative-israel-at-thirdeye-systems-4435640515?utm_source=techmap&utm_medium=csv&utm_campaign=github&utm_term=apply","2026-07-09"
"Quantum Machines","IoT","m","Micro-Architect","Executive","תל אביב-יפו","https://il.linkedin.com/jobs/view/micro-architect-at-quantum-machines-4326678970?utm_source=techmap&utm_medium=csv&utm_campaign=github&utm_term=apply","2026-07-09"
"Papaya Global","Productivity","l","Key Account Manager","Representative","הרצליה","https://il.linkedin.com/jobs/view/key-account-manager-at-papaya-global-4438192924?utm_source=techmap&utm_medium=csv&utm_campaign=github&utm_term=apply","2026-07-08"
"DEEL","Fintech","l","Sales Development Representative, ENT | Israel","Representative","תל אביב-יפו","https://il.linkedin.com/jobs/view/sales-development-representative-ent-israel-at-deel-4437090385?utm_source=techmap&utm_medium=csv&utm_campaign=github&utm_term=apply","2026-07-08"
"Mine","Productivity","m","Enterprise Account Executive","Representative","תל אביב-יפו","https://il.linkedin.com/jobs/view/enterprise-account-executive-at-mine-4438290686?utm_source=techmap&utm_medium=csv&utm_campaign=github&utm_term=apply","2026-07-08"
"Nuvei","Fintech","xl","Junior Salesforce Developer","Representative","תל אביב-יפו","https://il.linkedin.com/jobs/view/junior-salesforce-developer-at-nuvei-4438193440?utm_source=techmap&utm_medium=csv&utm_campaign=github&utm_term=apply","2026-07-08"
"eToro","Fintech","l","Account Manager French Desk","Representative","תל אביב-יפו","https://www.comeet.com/jobs/etoro/41.009/account-manager-french-desk/93.D67?utm_source=techmap&utm_medium=csv&utm_campaign=github&utm_term=apply","2026-07-07"
"Solitics","AdTech","s","Vice President of Sales","Representative","רמת גן","https://il.linkedin.com/jobs/view/vice-president-of-sales-at-solitics-4437770324?utm_source=techmap&utm_medium=csv&utm_campaign=github&utm_term=apply","2026-07-07"
"D-Fend Solutions","Aerospace","m","Order Management Specialist","Representative","רעננה","https://il.linkedin.com/jobs/view/order-management-specialist-at-d-fend-solutions-4437839725?utm_source=techmap&utm_medium=csv&utm_campaign=github&utm_term=apply","2026-07-07"
"Motorola Solutions","Telecommunications","xl","Senior Sales Manager - Government Sector","Manager","תל אביב-יפו","https://il.linkedin.com/jobs/view/senior-sales-manager-government-sector-at-motorola-solutions-4433931803?utm_source=techmap&utm_medium=csv&utm_campaign=github&utm_term=apply","2026-07-06"
"hiSky SCS","Telecommunications","m","Global Sales Director","Executive","ראש העין","https://il.linkedin.com/jobs/view/global-sales-director-at-hisky-4425092147?utm_source=techmap&utm_medium=csv&utm_campaign=github&utm_term=apply","2026-07-05"
"hiSky SCS","Telecommunications","m","Presales Engineer- Defense sector","Representative","ראש העין","https://il.linkedin.com/jobs/view/presales-engineer-defense-sector-at-hisky-4425830268?utm_source=techmap&utm_medium=csv&utm_campaign=github&utm_term=apply","2026-07-05"
"ZotaPay","Fintech","m","SDR","Representative","תל אביב-יפו","https://il.linkedin.com/jobs/view/sdr-at-zota-4427508646?utm_source=techmap&utm_medium=csv&utm_campaign=github&utm_term=apply","2026-07-05"
"ICL","Sustainable Technology","l","Director of Marketing & Sales – Israel (Fertilizers & Chemicals)","Executive","באר שבע","https://il.linkedin.com/jobs/view/director-of-marketing-sales-%E2%80%93-israel-fertilizers-chemicals-at-icl-group-4433750459?utm_source=techmap&utm_medium=csv&utm_campaign=github&utm_term=apply","2026-07-04"
"Orpak Systems","E-commerce & Retail","l","Order Management & Export Coordinator","Representative","יקום","https://www.comeet.com/jobs/Orpak/65.001/order-management--export-coordinator/B4.76B?utm_source=techmap&utm_medium=csv&utm_campaign=github&utm_term=apply","2026-06-16"
"Cognyte","Cybersecurity","l","Finance Business Partner Team Lead","Manager","הרצליה","https://www.comeet.com/jobs/cognyte/F2.009/finance-business-partner-team-lead/72.C68?utm_source=techmap&utm_medium=csv&utm_campaign=github&utm_term=apply","2026-06-14"
"BrandShield","Cybersecurity","m","Business Development Representative (BDR)","Representative","הרצליה","https://www.comeet.com/jobs/brandshield/13.002/business-development-representative-bdr/6F.86E?utm_source=techmap&utm_medium=csv&utm_campaign=github&utm_term=apply","2026-04-27"
"BIRD Aerosystems","Aerospace","m","Sales, Marketing & BD Director","Executive","הרצליה","https://www.comeet.com/jobs/birdaero/97.006/sales-marketing--bd-director/AD.76C?utm_source=techmap&utm_medium=csv&utm_campaign=github&utm_term=apply","2026-03-24"
"SodaStream","E-commerce & Retail","l","נציג/ת מכירות","Representative","כפר סבא","https://www.comeet.com/jobs/sodastream/40.008/None/5D.040?utm_source=techmap&utm_medium=csv&utm_campaign=github&utm_term=apply","2025-05-22"
"SodaStream","E-commerce & Retail","l","נציג/ת שירות לקוחות","Representative","כפר סבא","https://www.comeet.com/jobs/sodastream/40.008/--/4D.04F?utm_source=techmap&utm_medium=csv&utm_campaign=github&utm_term=apply","2025-05-15"